{"bow": 0.84756, "tf-idf": 0.87888}